reviewId,userName,userImage,content,score,thumbsUpCount,reviewCreatedVersion,at,replyContent,repliedAt
gp:AOqpTOFROrJsOcDmSq8MirIJ8-6l6Upz3mpuw15AjabIaMmhMwzOBq8zGsXqbDBa0wLJSJVdom4mqfuXQ-7HBA,Thomas Kool,https://play-lh.googleusercontent.com/a-/AOh14Giy37Z7C9iuq5FsYTdOL-eBuiz1gd6oTpxnM7Gg8A,"Nice handy app, sometimes fails start up though. It says something like: failed to connect please try again. Second try works mostly",4,2,7.11.0,2021-07-02 10:43:43,"Maybe you can try to delete the App from your phone, shut your phone off and back on and install the App again! Most of the time that will help :) Please let me know!

^Dani",2021-07-02 12:46:01
gp:AOqpTOG1uvpCsnKXO9qGkpJhRjZorThhBxCokJfvR-zoivGcIdTInc8Gv71IS1WY_0Rn9VN2RQ8B0mw_sPD66Q,Martin Boon,https://play-lh.googleusercontent.com/a/AATXAJy2LH3ORcwrKKF6U43OChI9daS7SwbV_p5xuM6o=mo,It is difficult for me finding the bank account settings such as credit limit and RFID payment limit. I would like to see this more clearly in the menu. And I am also very upset about the changes to the credit card payment administration. I would like to keep the PDF documents above the CSV format that is currently the only available option for my administration. For the rest I happy with my home bank which is still going strong unlike some of the tax payer backed public banks in my country.,4,1,7.9.0,2021-05-10 12:34:53,Goedemiddag Martin! Via ''Service'' en dan ''Zelf Regelen'' kan je bij ''Betaal- en spaarrekening'' de instellingen vinden van die rekeningen. Wat bedoel je precies met de PDF documenten boven het CSV formaat houden? Ik lees het graag terug. ^Dylan,2021-05-10 15:10:56
gp:AOqpTOGbiVw5YZQaNsC32o8_e0zQfbeuVapBdfa55QR5CDPxnnrnva82jedeLISi84kFihCxXxEPcUJiBKPkbA,Ralf S.,https://play-lh.googleusercontent.com/a-/AOh14Gj-H3ovNND87-DfMkJtUcYX4Cp7cRjMTZxcxpu6_g,"Works as it should, swiftly and without errors so far. Reply: I would love to see the mobile payment function integrated in the normal banking app. Having it in a separate app is not necessary for me.",4,0,7.9.0,2021-05-17 12:49:07,"We nemen je feedback mee :)

^Elske",2021-05-17 15:40:44
gp:AOqpTOFTKEqPiGFCrPsv4eXyhDqxmdvd-s7aGUN_NlEJnt-nAvCvODHakJ7Di4ghR3KLfdw49JOJOGrPqMD-bw,Jeroen,https://play-lh.googleusercontent.com/a-/AOh14GgKP3QaTwpLaA1c2su2FLS0XHLUJH8HgKdoNdpn3hU,"Since the last update the scan qr feature does not work anymore. It just simply does nothing besides showing the red selection border when i press it. Too bad, one of the features i loved stopped working. Edit: Werkt alweer een poosje. Verder geen problemen meer gehad.",4,1,7.9.0,2021-05-06 18:34:48,Bedankt voor de update Jeroen! ^Dani√´lle,2021-05-10 10:04:50
gp:AOqpTOENRQQW_IpekeUcX-HaXAJpKXd0m4ubZfj55ed0qC2MD1YK_MvhRhLjwQ9dZBGTcTsVtwP5e-sZYdmkyw,Seth Matahelumual,https://play-lh.googleusercontent.com/a/AATXAJzLF1y3S-r7oiNyfp73SogsijoO6ycggADdvrUn=mo,"Works good, easy to use, no negatives here. It could be an idea to be able to adjust some categories yourself. That'll make it a 5 star ranking.",4,0,7.9.0,2021-05-15 23:35:22,"Hoi Seth,

Bedankt voor de feedback. We nemen jouw wens mee voor de toekomstige ontwikkeling.

^Tom",2021-05-17 09:22:15
gp:AOqpTOEN6mg-RtdH4IugtiYepBQwrkIP1OZ9YHqM1LYzhOV_I6hkug6zX1mX53kpsVP6alzl__4NHC_h3a-86A,Goran Bacic,https://play-lh.googleusercontent.com/a-/AOh14GhR8pzs2PzsFs_XzTIoMK5aqIUb8NN9K4LdZs9sPQ,"Although the app is not as fancy as some other banks apps, it is functional and without bugs. It is nice to see more and more app is being translated into English, but still some work to do. Keep up the good work.",4,2,7.9.0,2021-04-23 21:24:19,"Hi Goran,

Thanks for your review!

^Marco",2021-04-24 14:02:55
gp:AOqpTOF7E798DSwP-3h8b6kHPLphFFQv3VnO6OewSuwPmR_1yA8OvHINdhXEpqyKTGo2B1zqiUDALVM8i9_syw,Jeroen Schouwenberg,https://play-lh.googleusercontent.com/a-/AOh14GgwHnasAkWMmFi25Jjeo6dnQLaW9NYFowLrpGGKPg,"Extremely buggy after recent updates. Constant error messages, cannot load, try again later, no transactions found, and so on...",1,1,7.9.0,2021-05-06 17:29:38,"Hoi Jeroen,

Dat schiet niet op. Kan je aangeven welke foutmeldingen je precies krijgt te zien?

^Tom",2021-05-07 09:05:41
gp:AOqpTOEfltzYc-40JDOCCARO4dT4OApPS2zDlKuarH4R3yaGOC0HKZkVgxkdUylvLnB5Oo5Lzhm0Ey5JqermdQ,James Callus,https://play-lh.googleusercontent.com/a/AATXAJxO6-1tCu2qR5rKq4-LTtk13A-BgjPfWB8lizjP=mo,The beleggingen screen now rotates as advertised. But the app was updated today. It was clean and simple. Now it's cluttered with unnecessary imoji's next to every entry. Deep in the settings you can fortunately turn them off (thanks Elske üôÇ). But still I found the previous layout much neater. The spacing is now bigger so you get much less on a page. Have to scroll more. Less convenient.,5,4,7.8.2,2021-04-01 18:57:00,Update: We geven het voor je door! ^Lin,2021-04-02 08:11:46
gp:AOqpTOHIhK2ntENU76veYS9lGh2O5zu5vFIIr8bjJ9Mf__hu_K7WnI9pphky5h5COmAL6xVFWcaHlHirrMm7xA,Kevin Degeling,https://play-lh.googleusercontent.com/a/AATXAJxI0zJnww9mwcd2_ORtRHmqG2N7JpSj50ZEg0cu=mo,"March 2021 version, no improvement. There is an instant crash when I open the transection list. OnePlus 7Pro, lineageOS 18.1. Further reading reveals that Rabobank is using split.io (and others) for user analytics, without opt-in. That's why the application crashes behind corporate firewalls and AdAway. Finally, Rabobank doesn't offer any modern ways of contacting support. 1-star well deserved",1,22,7.8.2,2021-04-13 18:17:12,"Update: jammer om te lezen, Kevin. Je kunt onze helpdesk bellen voor meer informatie. ^Lin",2021-04-14 08:42:48
gp:AOqpTOHQTQCt4Kl9-iGlOz1FtIZlysSM6rUI6eF28FQ7Bkf0LR5taHiuHSquRqqT6CKwO11Wt2jnl_bDZ5mzZA,Tobias,https://play-lh.googleusercontent.com/a-/AOh14GhXUfn5QjAHnlN9HF08rcCmnJIf8FNg9uEg2b7dsA,"No longer works since latest update (7.7.1), attempting to registering a device just results in a loop. It is related to blocking split.io user analytics using an adblocker, like mentioned by other reviewers. App only works properly when disabling adblocker. Edit: still doesn't work after March 1 update",1,7,7.8.1,2021-03-09 18:20:00,"Hi Tobias, can you register the app when you disable the adblocker? ^Debbie",2021-03-10 08:50:08
gp:AOqpTOHc3kGZ3olzpSTmUt6ao1JgO9e_Nrf7tvcOZfyUP7GhqgpnW943JmgKxFL4tEFaj79JxuNsPVV7n9XF8Q,Koen Koppens,https://play-lh.googleusercontent.com/a-/AOh14GicvydqiwPDZqjtp3hVK5F7powlhCPKRlPmUBBIlqk,"Endless loop, want to register new device after factory reset. App asks if I already have a device with the app. I answer ""no"", then it asks the same question again...",1,5,7.9.0,2021-05-01 10:20:49,"Hoi Koen,

Dat is niet zo handig.. Heb je de App al eens volledig verwijderd van jouw toestel, telefoon uit- en aangezet en de App opnieuw gedownload en ge√Ønstalleerd? ^Lin",2021-05-01 16:36:31
gp:AOqpTOFF2x9vDi3KgV_tLvLbJ87tmTfT_NTw9DwE2oNTy2BB2m7Z8YPDZwWNxlGv0jAwi-CK7_-RttwYsk3vcg,Maarten,https://play-lh.googleusercontent.com/a/AATXAJxw5IdrLRV2xtNDzLahP_h4OqFWc714NLGhqRtQ=mo,"New UI is annoying, It would be great if there was an option to disable the icons on the transaction history. I'd prefer simple rows with text and numbers instead.",3,4,7.8.2,2021-03-30 22:15:42,Hoi Maarten! Wat jammer om te lezen. Ik wil je vragen de feedback aan onze ontwikkelaars door te geven. Dit doe je door na het inloggen naar ''Service'' en dan ''Contact'' te gaan. Vervolgens klik je onderin op een smiley om de feedback toe te lichten. De icoontjes zijn uit te zetten via Service ‚Äì Veiligheid ‚Äì Privacy ‚Äì Financieel Inzicht. ^Dylan,2021-03-31 09:34:54
gp:AOqpTOHO1qx2LdGnRURKWVOR6k_ZU5jeEjFHVHCdCdvNmDcLaOuzV5EqCgEh4fhHbIZC3ZNEd7SCHtuOQNnruw,Rink Schaper,https://play-lh.googleusercontent.com/a-/AOh14GhDKf7GoS_GqXLYMLltYMx1rADnD6OfE9CcErg-2g,The app keeps logging me out for no good reason. Had to register my phone for 2-3 times in the same amount of days. Please fix this!,2,5,7.8.2,2021-04-03 09:48:23,"Hoi Rink,

Dat is natuurlijk niet handig. Heb je hierover wel eens contact gehad met onze klantenservice?

^Tom",2021-04-03 15:31:30
gp:AOqpTOFNIahKQnB8VYwwWb-4MEfl8clYqUj8x_APBjyw8-ovPtgRx6A2dJTszUWCAleEax1tf8BxCxy-Uy0sKA,Fanis Grollios,https://play-lh.googleusercontent.com/a/AATXAJwXjt2hl9lQpmHyV07DjFocHyDCsvLPiWyac_C5=mo,"Gets stuck all the time when trying to pay with iDeal, then orders are cancelled! You want from a banking app to work 100% of the time not randomly. Edit: it shows the loading sign and never loads.",2,5,7.8.1,2021-03-13 15:37:22,"Heb je al een keer geprobeerd om de App te verwijderen, toestel opnieuw te starten en de App weer opnieuw downloaden en installeren? ^Monique",2021-03-15 08:51:20
gp:AOqpTOHuenmwWT_mtAHHAzaue0-fmuY-2NyAQFE7GCnIo48qRNEK5mE4uzdA7uQ62-_1BYtFWig58uZXMZezww,Chris Huijpen,https://play-lh.googleusercontent.com/a-/AOh14Gh8RYQa-dHD0GQrp9hMUFE26BabIgj6kPQo8H4NIQ,Unfortunately still too unstable. A page will often not load and require a restart to get out of. The overall UX disign could be more efficient.,3,5,7.8.1,2021-03-19 17:37:07,"Hi Cris,

Dank voor je feedback, dit nemen we zeker mee. Wel vreemd dat het lang duurt om een pagina te laden. Zou je de app eens opnieuw willen installeren: 1. Instellingen 2. Apps. 3. Rabo App. 4. Opslag 5. Cache legen 6. Gegevens Wissen 7 Verwijder app 8. Toestel uit en aan 9. Opnieuw downloaden en registreren

^Liesbeth",2021-03-20 10:50:14
gp:AOqpTOFkpIhWZE3RPqrRtOqBoYxne1gHJs8bjvQ8MsEVdN0RGXUKDYe9zgxCrXt7VTbb7XDUexSyDRlKW3vwGw,S. Hendricks,https://play-lh.googleusercontent.com/a/AATXAJyXvpoZ3g43XkvZ-Mm37Wp9AIOTJygFzD9OpOZP=mo,"Eyestrain at night, when are you implementing a dark/night skin? @Lin: what I mean is a dark theme / dark mode for the app. Bright White is not ideal at night.",3,0,7.9.0,2021-06-01 10:11:50,"Update: deze wens is bekend, maar helaas weet ik niet wanneer er een dark modus beschikbaar komt.

^Liesbeth",2021-06-02 09:05:45
gp:AOqpTOFFv_IVCfN5NL7wP5wu9e1DUQa7c7i_H9RkPiInVyLJFEaTOyDWaDzDCj2uNO5Li3ZNNcgH1a2a_zTjrw,Glen Khouw,https://play-lh.googleusercontent.com/a-/AOh14Gj-At3X4PEUl7GQLl5gjm6bbCihBV0v6tCuWicjNw,"Crashes all the time since last update. Re-installing it now. If this happens more often, I will be looking to switch banks.",2,2,7.8.1,2021-03-23 09:39:44,"Hoi Glen,

Er is momenteel een probleem bij Android waardoor sommige klanten niet in de app kunnen. Dit wordt zo snel mogelijk opgelost.

^Tom",2021-03-23 10:16:18
gp:AOqpTOHUD8I6DgMTCCXY2NdMPSkXZXBGHxfNF2fQNqIY-z51iwmDVNwXIVZr7ubrgIK9wZx5Q7ln4XaXAw4JMg,S. B.,https://play-lh.googleusercontent.com/a-/AOh14GgdmYx49xl1uHNleDUmJ5oYQ3rkaBapXJms3w_prg,"S10- Fantastic update, great user experience! infinite loop rabo app didn't start anymore, had to uninstall now I have to wait till I am home to friggin register the app again.",1,2,7.8.1,2021-03-23 07:59:53,"Hoi,

Er is momenteel een probleem bij Android/Google waardoor sommige klanten niet in de app kunnen. Dit wordt zo snel mogelijk opgelost.

^Tom",2021-03-23 09:53:50
gp:AOqpTOFPD3qOwd3flTTWOWOB5INKi1y4LXwdgw3zfkvsqY3xG9rqh51I_-h20QuLgGHF7t5_3YwGMWbA0xOLYA,Tom Winkelmolen,https://play-lh.googleusercontent.com/a/AATXAJzCofQqqMFUK6Js4_pKMOVNceOMK6edkEkue-hq=mo,"Pretty good overal, but once in a while the access code randomly needs to be reactivated for no reason at all.",4,0,7.8.2,2021-04-12 08:51:24,"Goedemorgen Tom,

Verwijder jij regelmatig cookies op jouw toestel?

^Marco",2021-04-12 09:47:01
gp:AOqpTOFhFXtYDp4V83vVEkSOS6sJtlR_FhZ_iBPF_v3WYcsOiio72M_ex6DaslmCuO7XE4VNfcUFVp53OrNrvg,Jeramai,https://play-lh.googleusercontent.com/a-/AOh14Gh8XyJwomUOeeXZGLa3swoBWBMMRhhJxU6urHJVlA,Had to factory reset my entire phone for the app to work. But it works now and does so really well. Great app.,4,0,7.8.0,2021-02-23 18:16:42,"Wat balen dat dat nodig was, maar goed om te lezen dat nu alles werkt en dat je verder zo blij bent met onze App! Bedankt voor de feedback. ^Dylan",2021-02-24 08:59:15
gp:AOqpTOEOFIYX8YWhvKUKsLCzPtX-CnlFWj72RmqR86K6WV_2Ee2wJFRiN5yE6aVK8Do5dnQr_xalvkffDZegGw,Praetorian Guard,https://play-lh.googleusercontent.com/a-/AOh14GjvG_ssoWlmnC8ETq1NCnXg20VxaeHuQ8EYikS6wg,great and innovative bank!,4,0,7.11.0,2021-07-04 16:38:18,"Bedankt voor de goede beoordeling :)

^Tom",2021-07-05 09:30:19
gp:AOqpTOHpP77lKGNyhnMPvjglFXl2I9rhlKzXdxowCvo8ygN85MsQn5KHAsld5couIzFm4T3r33gUUDa4raU65A,Bas Boterman,https://play-lh.googleusercontent.com/a-/AOh14GgadjBsC3p_9LYRDgPcRhraYczfOwOvyzTwfI_rSQ,"Great app, easy to use and great features.",5,0,7.8.2,2021-04-03 16:53:41,"Hi Bas,

Dat horen we graag, fijn dat je zo tevreden bent!

^Liesbeth",2021-04-06 09:26:01
gp:AOqpTOHh2P9iFWa6CfadgHhXFGFclQRGCuNTAmUHKIS7UI1K6i4J9dH3EICiUI-IRpjtoBrVcZqkAs5iXhXXrA,Evlirown Rod,https://play-lh.googleusercontent.com/a/AATXAJxOAyAoFH5oNRzQddjoLRP0mJDbucZx0Jjugxdw=mo,"I've actually been getting more troubles when opening the app than I used to have. It's highly frustrating to have to open and close it multiple times before I finally can type in my password. If that returns to normal it's a great app tbh. Used it almost every day. *I tried the suggestion and reinstalled the app. That didn't solve the problem for me. :| *Tried it again, following all the steps. I still have the same problem. üòì",3,0,,2021-04-03 16:02:56,"Update: Dank voor het proberen, maar erg jammer dat het nog niet is opgelost. Zou je eens willen bellen met ons via 088-726600? Mijn collega's kunnen het probleem voor je laten uitzoeken bij onze ict-afdeling.

^Liesbeth",2021-04-06 09:27:47
gp:AOqpTOGRj27a1a4a7cETw45n7m0QKJeeDY2-EQ5EkUbhOuUnI0U1sjAIutEen-Sm2vtTJVKJCj8ABfVEf4ZjUg,Nico Smolders,https://play-lh.googleusercontent.com/a/AATXAJyP4t14_Hal9SyOj4V1iM2CFm_f69vpMpNjSFkt=mo,The new debit UI is atrocious,1,2,7.8.1,2021-03-23 16:42:25,"Hi Nico, thank you for your feedback. What makes it atrocious to you? ^Debbie",2021-03-24 10:43:07
gp:AOqpTOGGcSf1g-aAUw_j0FYX9av9MwB-0kjK7RoWk92Wfm_T_lgWXNSinkbvy75J7bcXgAD88dAz3yAQUQbT_w,Aissa Marques,https://play-lh.googleusercontent.com/a/AATXAJy928HctejsJ6oMwFCukzr2lzFINhM7aN3H5tUH=mo,After upgrading my phone app doesn't work anymore.,1,2,7.8.1,2021-03-23 14:27:59,"Hi, er speelden gisteren problemen aan de kant van Android. Hierdoor kon je problemen met de Rabobank app en andere apps ervaren. Als het nog niet is opgelost wil ik je vragen de volgende stappen te doorlopen: Open de Play Store, Zoek op 'Android System Webview', Klik op Updaten, Zoek op 'Google Chrome', Klik op Updaten. ^Debbie",2021-03-24 10:36:42
gp:AOqpTOFT7a8OdZF1BQcNwuMHioqU_lceytmRKYY1xgKh-kt7y8vDO3vfr1-LNKPTHFHohVWykqlie7eR6CWBbw,Josh van Asten,https://play-lh.googleusercontent.com/a-/AOh14GjwCs1N8TE8BGNMWN_sa6N3rgab5CdtkhJbkYXHXiU,"Was the QR Code functionality removed in the latest version? It no longer appears on the first screen and I can't for the life of me track it down if it's buried in a settings page somewhere. It could have been mentioned in the in-app update banner, but unfortunately I immediately closed that on muscle memory since I had an urgent payment to complete...",2,3,7.7.1,2021-01-26 12:41:34,"Hi Josh, the QR code functionality can still be found in the login screen. You'll see it at the top left of the screen where you'll be asked for your 5-digit access code. Do you see the option there? ^Monique",2021-01-27 08:35:36
gp:AOqpTOExpfFughKKzC0F5RrUqUNeWcPalSf6XB5EJYPzCDe3M-wzTYNCwJRpq7Y39_13pAYREZJToE0UqlwzHA,Jon Black,https://play-lh.googleusercontent.com/a/AATXAJxNLXJPEmsPyVLm2fTJTGv0c1BkuIJwUN-aN-gj=mo,I don't see the accounts list after logging in because the the app now tries to contact the address split.io but fails. It's been 8 weeks since this bug was introduced. It's a giant pain to have to disable my ad blocker to use this app. Ridiculous that a fix takes so long.,1,13,7.7.1,2021-02-03 07:19:35,"Hi Jon, wat zie je op dit moment precies op je scherm? ^Debbie",2021-02-03 10:16:45
gp:AOqpTOFJvy5lvOAGXxShgtuyWoUNaX4WHeAhpSQyGiQf-RDRVF1SWCaGiDx6ufjbZi-QZoYwGmmc4efY303URg,Bart van Aert,https://play-lh.googleusercontent.com/a/AATXAJy_cDXxj0RH1FUo308ML-e3UuIufbGsiqYh5Jqc=mo,"Doesn't load anything after login on android 11, turns out they use analytics from split.io (without an opt in!) which is blocked by my ad blocker. Imagine that!? This makes the app unusable. 1-star until this is fixed.",1,4,7.7.1,2021-02-01 09:59:51,"Hoi Bart,

Het kan inderdaad aan de ad-blocker liggen. Excuses voor het ongemak.

^Tom",2021-02-02 09:41:31
gp:AOqpTOEMoMaKu8H9PWS9nKq2R9e3onJSNJROgElaPprzos0ymqfLM06Scq-7e7eG5j64GlEaNspspBqOjU4how,Space Traveller,https://play-lh.googleusercontent.com/a/AATXAJyxDToAdGQKniKGv1R2BFzY42DiKw3B2PrINLdj=mo,"I've been using this app for quite some time. Everything seemed fine, until I switched to the new EMUI Huawei OS. Not working! Can't even transfer the account to a new device, the QR scanner doesn't work. And when I look for it in the app gallery it says ""not yet available in your region"" (since it's a Dutch Bank, you'd expect it to work in The Netherlands). Banking aps should work on all OS.",4,3,7.5.1,2020-09-08 10:14:53,Hi Space. We ervaren op dit moment inderdaad problemen met de nieuwste toestellen van Huawei. Dit komt omdat de Google Playstore niet optimaal ondersteund wordt. Dit is dan ook de reden waarom de App niet ge√Ønstalleerd kan worden. Helaas hebben wij hier als bank geen invloed op. Het spijt me. Sanne,2020-09-09 08:48:06
gp:AOqpTOEnogMd6ffN72L8shx3uJvl_s366jXwtE-RQiJYKIphb_S_iGwUiSw4IrOOXNV07IVitnJiXrBYC2K9tg,Robert van der Laan,https://play-lh.googleusercontent.com/a-/AOh14GgPTinYRBgCzTaA9Bzr-DPfcxjNmMHtzS2ZEypn,"Had to jump through some hoops to get the app working again after the recent August 12 update. After the update app failed to start ('something went wrong, try again later' message). Uninstalled data and app, had to remove all mobile devices from device registrations using web access on a computer, reinstall the app on the phone and reregister the phone. Finally working again. Not very upgrade friendly...",3,2,7.5.1,2020-08-31 16:11:48,"Hi Robert. Dit is ook zeker niet hoe een upgrade normaal verloopt, sorry voor het ongemak! Fijn dat de App nu inmiddels weer werkt. ^Dylan",2020-09-01 08:52:12
gp:AOqpTOESBWEmLmF2eHp6SmEQFGhxFJHR0XBpayqLrI7zopJ6BsSao-2fN1VzitmCC5AeGg775DctGrT_e-QkAw,Nuno Pereira,https://play-lh.googleusercontent.com/a-/AOh14GhRmy2zU84vWm9MzM3T3WvD22Ig8dDdZvGJTVk5sns,"For 2 days I cannot login in my personal or business account. (Error N03) For 2 days and still, no one even sent a message or give an explanation about this. Not a very nice behaving from this Bank . After I uninstalled the app I had to make all the process again. It's working now, but it's not the first time that this happened. It means that some of this days it's gonna happen again and I will not have the scanner near me.",3,3,7.1.0,2019-11-06 16:11:25,"Het kan helaas voorkomen, dit kan o.a. door een update van jouw toestel of vanuit ons. Wij streven er in ieder geval naar om zo min mogelijk updates te doen waardoor je de app opnieuw moet installeren.

Marsha",2019-11-07 10:06:00
gp:AOqpTOFvWFW6YVNRDcuXYyaGYkTRhYsUC7ExiWL21HWr1SDBgFdHCnL78PGRC3XBd9YSXERxybfMVM4IuBKVyA,Arman Ak≈üit,https://play-lh.googleusercontent.com/a-/AOh14Gj5iYfVLnI1BCTmHDXq0BttIqQzpKANY0e6RGrnlqY,"I like the app. Though I have one improvement point. When I click on ""Share Payment"", it doesnt open any option (messenger, whatsapp etc.) to share the link but automatically opens ""Google Translate - Tap to Translate balloon). I have disabled that function. Now nothing happens when I click on ""Share The Payment"".. It shouldn't be so difficult to share a link..",4,0,7.6.0,2020-11-22 09:57:23,"Hoi Arman, Ik verwacht dat jouw toestel die keuze opgeslagen heeft. Je kunt alle opties weet open zetten door naar de instellingen van jouw telefoon te gaan (dus niet die van de Bankieren App), kies dan voor Apps en hier de app die je als enige optie ziet staan bij het delen. Tik op 'instellingen als standaard' en dan wissen. ^Dani√´lle",2020-11-23 09:27:59
gp:AOqpTOEZTHCU3NqjsCJt-RHm7wCUfHgikn9oxmNpQ8PhNkcEd1b7c-Gbj7EKDav6jnI6t8T33NPa-eh91W4UUQ,Simon Csoma,https://play-lh.googleusercontent.com/a/AATXAJwka-0h7i88Y135WId28umqv3lcXnOgMw7L6N44Aw=mo,"Edit-10 dec 2020 App is now not even starting anymore. You might be better off using the webpage... If it works... Loads of crashes, ever other month a few days worth of transactions are missing. Every ""do it yourself"" feature takes you out of the app and to and web form which isn't even prefilled and takes days for any response since its actually not automated but manual. Have been using it for 2 years now, no improvement what so ever.",1,6,7.7.0,2020-12-09 12:06:39,"Hi Simon. Wil je eens proberen of het nu wel lukt? Er waren problemen met onze App, excuses. Sanne",2020-12-09 14:17:35
gp:AOqpTOF1kC9nYVQ8G9ktSseZq3XEvSUdrLxR2Wm9hxzt_0Ho9U2vTw4wd61xWs0709aga-SHvT42ojs8fNuqTw,Jurgen Boetier,https://play-lh.googleusercontent.com/a/AATXAJzmyLG1fFwwfNddlUQPi3ewD9EqQnTBhmlUzkbZ=mo,"Android 6 support dropped. I get asked to update my OS (not possible) and refuse to buy a new phone since this one works perfectly fine. Alternative is to use the browser, which requires the Raboscanner (another big obsolete inconvenient piece of technology that's not of this time) that I don't have at hand most of the time. I can login for 90 days without it, but that's not solving the problem. Conclusion: I cannot see or access bank information, nor make transactions on the fly any more. Since no other bank has this problem it's time to move to another bank that does care about its customers.",1,7,7.7.1,2021-01-11 12:11:10,"Hi, het klopt dat de app per 05-01 niet meer bruikbaar is op toestellen met Android 6. Voor een optimale werking en veiligheid van de app is een minimale besturingsversie vereist. Wat betreft het gebruik van de scanner, je kunt voor inloggen via je browser ook een persoonlijke toegangscode instellen. Zie: https://rabo.nl/75hm6tba ^Debbie",2021-01-11 15:10:09
gp:AOqpTOF0XBwhIwRQmJFo0thbb9pHDT3ciJCzzB5T0ePqo41nZUEdshoDw1FDS8ig9ofzK-k4oOv8BBSv1XYPDQ,Konrad Plechowski,https://play-lh.googleusercontent.com/a/AATXAJzx4Zsh5OTbF8D9yaxfFgEkex4XFXHIhNhiCzm_=mo,"It's getting extremely annoying that in 2020, I still must use the calculator to approve my credit card and some of my debit card transactions! 2020! It has lately caused me much trouble, especially when wanting to proceed with payments on websites with not full responsiveness. I literally couldn't buy things and had to change my travel plans. Is there a definite plan when we will stop using random reader and introduce mobile approvals (of both all debit and credit card transactions, doesn't matter which channel - web or mobile)? I am very seriously thinking of leaving Rabobank after 13 years because of this technological archaism...",1,3,7.2.1,2020-02-18 20:27:57,"Bedankt voor je feedback,Konrad. Hoe heb jij de limiet 'overboeken zonder scanner' ingesteld? Dit kan tot max.‚Ç¨1000 p.dag,zodat je in de meeste gevallen geen scanner nodig hebt. Het gebruik van de scanner icm je creditcard hebben wij niet in de hand. Als een aanbieder gebruikmaakt van MasterCard Secure Code is er extra verificatie nodig. 

Debbie",2020-02-19 09:28:54
gp:AOqpTOHYJdzdDI5JH-wep1upHoPTitM8_vqrAPY_InW97CMbcd3yRJcaDYBB8K2x_4bWCwnlvSVADF9modwsWg,Eirini Galati,https://play-lh.googleusercontent.com/a-/AOh14GjiIFFhnvCcG5KMsQGYgx91I2HF2tipBejTU2uC,"Good app, I love a lot of the new features, especially piggy banks and showing where I spend my money. However there are some bugs that are annoying and keep popping up. 1st of all, the ui responsiveness has suffered significantly since the last major ui update. 2. This is an old bug that still hasnt been fixed: trying to add a profile picture is really buggy! Resizing a picture you selected makes it dissapear and also you dont get the full picture to select from! Keep adding more features!",4,2,7.1.0,2019-10-23 21:46:21,"Bedankt, ik neem deze feedback mee. Ik wil je voor nu vragen je profielfoto te wijzigen via de browser.

Marsha",2019-10-24 11:14:08
gp:AOqpTOEXehKDhhf7-MueJlFEMRRcked7B2jqSo5gcirbrsfQTvKR7BeCXrQ6j3oZvkFMFjObR8sLQDcGwgZV9w,lotte ruiter,https://play-lh.googleusercontent.com/a-/AOh14Giy8rm0WFCklXFM1BKcIFeOGpaXguY5WLYXnmTf,The app works great tho I am experiencing some problems at the moment seeing as my homescreen doesn't load. I can't see how much money I have or what I've received or paid for. I hope this is something that won't stay for long. I hadn't had any difficulties with the app before the update but I've experienced some bugs now. I hope it'll work properly again soon. I do however want to say that the app itself is very convenient and I love the fact that I am able to use it so easily,4,0,7.0.6,2019-09-19 16:48:02,"Hi Lotte,

Ervaar je nog steeds problemen?

Marco",2019-09-20 16:14:16
gp:AOqpTOEnqJ1yjHYQ3gtefXwYkgWTDIgdw_KDhYZSeCnP8IiB4P7u6jNy6BjLlKqizhENl_hF5cm0b1BPAtakGQ,ARSHEEN SHAIKH,https://play-lh.googleusercontent.com/a-/AOh14GhzBYDCe6tHsGAjTN_jH3krf9j8I2LlcvqjJqHB3B8,"After update 7.7.1, transaction list is not showed up. My firewall pfSense is blocking the connection. It is probably due to unsecure connection. The firewall is still able block some IP. Can you talk to the developers on this issue? I'll check on my firewall logs what is being blocked. No issue on iOS. It seems only for the Android apps.",1,9,7.7.1,2020-12-22 15:43:18,"Hi Xiaomi, ik heb navraag voor je gedaan en mijn collega geeft aan: mogelijk wordt de browser Google Chrome als niet veilig gezien. Je kunt proberen een andere browser als standaard in te stellen. Als dit niet lukt, dan mag je even bellen met 088-7226600 om dit verder te laten onderzoeken. ^Liesbeth",2020-12-22 16:27:11
gp:AOqpTOF9wRNY3eBLyNZhc2s_qImh_aohgwAPPmaf-FkJyi0puoz4rBhgrz-hd9GmevdebRUkckKVis30RSJLEw,L. Cosmin,https://play-lh.googleusercontent.com/a/AATXAJxs8QTD87gLQTIUb4M4v80h2rpncGpPm_thzFTf=mo,"Really great app. Was expecting something worse due to all the bad reviews here(maybe older versions), but I have no issues with it, user-friendly interface that gives you access to services that you use the most and you can directly speak with representatives from the app. What more can I ask for?",5,1,5.21.3,2018-11-30 09:08:54,"Hi Loghin. Bedankt voor deze mooie review. Fijn om te lezen dat je zo tevreden bent over onze de Bankieren App. Onze ontwikkelaars testen de App uitvoerig om zo tot een perfecte interface te komen. Hier worden wij vrolijk van!

Sanne",2018-11-30 09:39:45
gp:AOqpTOHws2xIDfCHy7cUn0xtwKvd0xRUMMqxXLli0Pr4vA-kzIixl2TbXOlag3JTa1mRDMRb8-8d5ilLmmH6tw,Shah Nawaz,https://play-lh.googleusercontent.com/a-/AOh14GgvzFt57jccaBDcS-CHZMgJyGIoqZnPmCaTSITBn0A,"I was using the app nicely in Eindhoven. Came to Istanbul for a few weeks but after the new update I cannot reenroll in the app anymore. Please fix the bug. (Since I cannot reply back, the problem solved automatically today 11/03/2019. There was no error message. So either the app is fixed or something related to coorporate security was fixed in my phone.) Thanks",4,0,6.3.0,2019-03-11 10:08:38,"Hallo Shah,

Goed nieuws!! Wat kunnen we nog verbeteren voor die ene ster extra?

Marco",2019-03-11 11:34:11
gp:AOqpTOGbXfnrWxR6SNLwVEoQ40RjNosJWu50F7iqgr5N2IHWW8sZ7qUiH6QWD_WYMbmCE6L_fFt0X8bSVD600A,Slasherxr8,https://play-lh.googleusercontent.com/a-/AOh14GgBWbyL46g2dJgjCLyQFs_14kfIN0guyq_QttO7UQ,"The one big problem I deal with is when I need to use it, it will not open... It just sits on a white screen when u first try open it at minimal 3 times a week when trying to use the app. The customer support , ease of access when beeing used (if) its working is fantastic but the fact I can't just open it and have it working daily is not ideal...",1,1,7.5.1,2020-09-25 15:47:27,"Hoi Dylan, 

Dat is inderdaad niet de bedoeling. De App hoort direct te openen als je dat wil. Zou je de App eens willen verwijderen, toestel opnieuw opstarten en de App weer downloaden? Je hebt hier wel je bankpas en Scanner voor nodig. 

^Monique",2020-09-28 08:39:29
gp:AOqpTOFJ_sGmM0lilHGS0N5RT14QR2FrP-9dO9pznEuID1U8gmCGd094ImPB2W7KRd_LjQSOiAqTLwROZVFOYg,Age Mulder,https://play-lh.googleusercontent.com/a/AATXAJyGi8Kn0OrCZxdSzOw4fy90qGvnptAlUkrDw_JK=mo,"I just updated the app to the latest version and the app keep crashing. App is much slower now and cant keep up with fast switching between screens anymore. I tried relaunched the app, it didn't work. I rebooted my phone, and opened the app again, it worked for a bit, then it freezed. Some buttons dont do anything anymore (e.g. set limit without rabo scanner). Guess thats why they added the crashscreen with the cat in the tree now, since the app keeps freezing.",1,19,7.0.5,2019-08-27 22:06:20,"Hoi Age,

Dat is erg vervelend! Begrijp ik goed dat jij de app al eens helemaal hebt verwijderd van je toestel en opnieuw hebt ge√Ønstalleerd? 

Linda",2019-08-28 10:49:53
gp:AOqpTOHx0l6Va_HnEhusx-9ekiFJ5cSTjSBmO3FB97PHyV-D8rBnKEUgQTjXUt-xiEqE53gnhnf9-djZ31ZrpQ,M Klijn,https://play-lh.googleusercontent.com/a/AATXAJwf1J5tyHHxUZ4_4Y8Qo-tEycHoVdojX52CDpc=mo,"Unable to find how to download a transaction to .pdf (or any format for that matter). Making a screen shot is also disabled in the app. Now making a photo with another phone of the screen, which probably isn't any safer than what Rabobank thought to accomplish with disabling the screenshot feature in the first place. Missing date next to ""Today"" and ""Yesterday"" in transaction overview; When it shows ""8 July"" underneath it, you don't know if that's 2 or 3 days ago. Also add weekdays like Mon, Tue",1,4,6.4.1,2019-07-06 06:54:17,"Bedankt voor de tips! Wanneer je een transactie open klikt, staat er onderaan de transactie de mogelijkheid 'transactie delen'. Kun je die vinden? 

Monique",2019-07-06 15:54:52
gp:AOqpTOG-4H1b1BtCCHJ14PQWk-tzFP64pLiyW6yxjCMUl7RVh-Mioyl4NLFKI10MpC3fhONN9ZnNh0tABFwFpA,Sandra S,https://play-lh.googleusercontent.com/a-/AOh14GjpxA-bjok_-cMJoWQKK-EHOOWxNbeQZZarcpB4Rg,"Often makes me login twice due to an error, sometimes gets stuck in loading after login and then I'm unable to login for about an hour. Functionality, when able to login, is good. Clean look, just the info you need. Antwoord aan Monique; Nee, dat helpt niet. Ik reboot mijn telefoon (Samsung Galaxy S10) ongeveer 2 keer per week. De error melding krijg ik volgens mij al een aantal maanden. Antwoord aan Tom; Duurde even voor het weer gebeurde. De foutcode is N03",3,3,7.4.3,2020-06-12 16:32:27,"Geen probleem, bedankt voor je reactie. Maak je wel altijd gebruik van de uitlogknop? 

^Debbie",2020-06-13 13:03:31
gp:AOqpTOGeg3W_qLhJXBVxXslcSxO0RIx2-6bj3twK7VEEHqKavgtCwvyiAnkzmjaPaQhoiY8gOgjAFHVaXPkeCw,Alec W,https://play-lh.googleusercontent.com/a-/AOh14GjawvSZVaDlVKgghY-SnUyS99pqmY23PQ7nqcth,"A banking app that doesn't let you log in or see you banking a quarter of the time. I like rabo, but this is a broken app that needs to be fixed. Tried to see my recent purchances, but had constant errors, when trying to connect to customer service it also only showed errors",1,1,7.1.0,2019-11-20 11:56:48,"Hoi Alec,

Onze excuses uiteraard voor het ongemak. Inmiddels kun je alles weer zien toch?

Marco",2019-11-21 09:18:22
gp:AOqpTOFDLCiNHP34n0PER4U8TFRxnPhKbiNSb0Mai4wAi2wmFCKZviDSqAo8M8vOj8rbPHUYjiTJZnEHRkogLw,Darek z rodu T.,https://play-lh.googleusercontent.com/a/AATXAJx-oXGmiHh0RmdJz7vggGzttDJCasHA051b2aU5=mo,"The App worked slow but usually quite stable until the last update. Now i can't even get through the login page. I enter my 5 digit code and all I can see later on is white screen, no error, no text - nothing. Reinstalling the app did not help. I use 1 Plus 2, Android version 6.0.1. Please fix it!",3,0,7.5.1,2020-08-03 20:45:29,"Hoi Darek, vervelend om te lezen dat je een wit scherm krijgt te zien. Maak jij misschien gebruik van een Adblocker? ^Liesbeth",2020-08-04 09:16:17
gp:AOqpTOG7TGsdzbjXWlhOZYFs_KB8kC6GRy_aJ4U6Ux5SqmyGWHRajaz5n3D6rYHObGNF7yY11nnK_LImwdZpew,Undernown,https://play-lh.googleusercontent.com/a/AATXAJzYX2KcO9wc0jchls5TlCXEnjuyq04l8J9j8snM=mo,"App should give a warning before completing a payment if latest version is not installed. Twice now I've had an issue where the recipient of my teansaction couldn't confirm my transaction when my app was 1 update behind. Money was deducted from my account, but not received by the recipient. Luckily those transactions automatically got reimburced to my account within 1 or 2 days.",4,0,7.7.1,2020-12-19 17:33:23,"Hoi,

Ik snap dat je dit wil voorkomen. Misschien kan je instellen dat de app automatisch updates installeert.

^Tom",2020-12-21 09:41:59
gp:AOqpTOGzJTwsQCcuT1hqw2sToUclA4JYJ7NPxr194UyTUbSDN5Uc7WE85Szh6XgVJ9pKmqiHO8Z0rmsWqQSjEw,carl fischer,https://play-lh.googleusercontent.com/a-/AOh14GiG-IXrNIqMGXNphvY-P2z5x3G68Ru8YMM_JHGZpg,"Installed my device - than nothing happened. Blank screen. Uninstalled app - waste of time. Hi Monique, it's not tge point to use the app or what? I installed and registered and ended up with a blank screen. Hi Lin, the white screen was right after registration. No 5 digit code. Ok, will call. Thanks",1,0,,2020-08-10 21:48:20,Graag gedaan. Onze collega's helpen je graag verder. ^Debbie,2020-08-11 08:29:28
gp:AOqpTOFg1e0-jAwZBoJ81Cc1FKDF0vzBjh1qKxkJYvrUR1GKFtwC0phqjziBLEAI_DXidtpq3xHfp9ivAb3-HA,Jason Goggin,https://play-lh.googleusercontent.com/a-/AOh14Ghsf_OWZxl74oyvjKUGkyI-l3P1ypQE1kXkCq-C-g,"Not once have I used this app without some sort of bug, unable to complete a task, or loss of connection. I will open other online savings accounts with other banks, as the ease of use with this app is terrible.",2,1,6.4.1,2020-06-09 20:53:49,"Hi Jason, dat gaat bij jou niet zoals het zou moeten. Waar loop je exact tegenaan, dan kijk ik graag met je mee. ^Liesbeth",2020-06-10 09:02:51
gp:AOqpTOGNp3F0M3517v-YtqksYytCNfNSRqlVdOvsoeuqu7uuRpn2_9pp10dZBjpdVLaNPqGtXYwct9pQpfEL-w,Maarten van Diemen,https://play-lh.googleusercontent.com/a/AATXAJykUu-VAXmb2rndCjwbeV6JFLiQqCGkbL181Ncv=mo,Since the last information update the overview of credit card payments isn't possible to access anymore (it keeps refreshing the main screen). I still experience this issue at the moment (in the afternoon).,3,0,,2019-10-22 14:21:00,"Hi Maarten.

Excuses voor dit ongemak.
We zijn op dit moment aan het onderzoeken hoe we dit probleem zo snel mogelijk kunnen oplossen.

Sanne",2019-10-23 10:49:59
gp:AOqpTOF-voxmY2ZPNx2sVgjTgr6Q5jeJ-68APfyzVPLDrJgn-BwX5r7FjQ0YENbm0k-akR_lK8Q7sD7CvkJGSQ,wi3k nederland,https://play-lh.googleusercontent.com/a-/AOh14GhavPWks7-W3S5jYpgbRt_gTt3fJrasBVgdPdO2,connection issues. and they got worse. cost of banking goes up. service goes down. screen stays blank after login. only a circle arrow. starting the app a second time mostly solves this. same on a different brand phone.,2,0,7.1.0,2019-12-07 13:15:56,"Toch is dit geen bekend probleem. Zou je de App eens willen verwijderen, toestel opnieuw op willen starten en dan de App weer downloaden en installeren? 

Ik hoor graag of dit heeft geholpen! 

Monique",2019-12-09 09:41:50
gp:AOqpTOEgzre8ILwhuiF2bk6VHaEEDo0tN73JUuvvjZb5TBFUMg2OYaIehti0_8wKQj6rqUyq9CbScpyLu1vlug,Josey Elton,https://play-lh.googleusercontent.com/a/AATXAJwd38I5fltwrlk_I_FNfo8e58ZQVtJ6c6PY1LVH=mo,Usually works fine. It's handy to use on the go when you can't always access a cash point or a pc. Unfortunately since the last update on my phone. The app does not work. Please fix it asap. The error massage I get is Let op. Op dit moment Kan de app geen verbinding maken met de rabobank. Probeer het later nog een keer This has been for the last 2 days. I have tried multiple times.,3,5,7.4.0,2020-04-14 19:57:42,"Goedemorgen,

Op dit moment speelt er helaas een storing. Wij hebben de oorzaak gevonden en hebben een nieuwe versie van de app middels een spoedprocedure aangeboden bij Google. 
Helaas hebben wij geen invloed op de snelheid wanneer ze de nieuwe versie gaan goedkeuren en publiceren in de Play Store. Excuses voor het ongemak!

Linda",2020-04-15 10:25:30
gp:AOqpTOEE-up0JVEWBjYExJLeN6hK6l-tsbdVj8J8fZwqS2qKrb333323SFYqU4HqH8ESwGZJh-ssH_i3l4fA6Q,P,https://play-lh.googleusercontent.com/a/AATXAJyrMEn9Y0U-0dl31fciRu61VdurFL-lIAkJk1f8=mo,"Suddenly I can't access my account anymore. It's the end of the month and I need to make a bunch of payments but the app is now broke. I mean this isn't a toy, you'd think the developers would double check that their updates work correctly before releasing.",1,4,7.1.0,2019-10-30 13:18:48,"Hoi,

Wij hebben gisteren problemen ervaren met de Rabo Bankieren App. Deze zijn inmiddels verholpen en alles zou weer naar behoren moeten werken. Is dit niet het geval, dan lees ik dat graag!

Excuses en nog een fijne dag verder.

Groetjes,

Marsha",2019-10-31 11:27:58
gp:AOqpTOEOF8U5qP-yjNjV6YrRoWooGnbQO1raWiPbp35TN4dvKwfySUAK3bskqCxzu-FexBGEwEFPkBLsNcRPAA,dev 8,https://play-lh.googleusercontent.com/a/AATXAJxekI3vpbd8tQoCOK0EvhrroVMEqqPjlaS7LDTz=mo,"Since a few weeks ago, if I make an online payment from my phone, I am not directed to this Rabo Bankieren app anymore. Instead, I need to use the Rabo Scanner every time and carry it with me all the time. Before that, it was working perfectly.",2,0,,2019-06-24 15:01:29,"Zeker niet handig! Zou je de laatste versie van Chrome willen updaten?

Marco",2019-06-24 16:09:50
gp:AOqpTOFBQpcf62Qbx3bysF7irwEgn6Eu_w1iHP-WrM0R8eddHT0PVw5P3RZtd_GHt9fJdfAavWcIuYx4k9VXCg,Vincent Du Clou,https://play-lh.googleusercontent.com/a/AATXAJxqBs5BLGQEYFv3bp7UzMcdJX-YvIJ7Ss-o_6ZT=mo,Always worked how it should. But since 2 or 3 days when i try to do a transacting i fill in the app code but then it stays stuck on the loading part for 5 minutes and doesn't continue with the payment. Answer: It only happends with a payment,4,2,7.7.0,2020-12-07 16:15:42,Do you have an Adblocker on your phone? ^Dylan,2020-12-08 09:34:13
gp:AOqpTOH2jkPXXs_3jW2ZyjzYdYzVzzwXe6CBfligGd47UYItM8UXmuuRfKz8_3V9NAPuxpDS7YqnbOfUBqUoMA,Jan Karel Sorgedrager,https://play-lh.googleusercontent.com/a/AATXAJwe2QzkZA0468WlNRGOkHZw_Y7SVJ2bNtRQZj7e=mo,"Again, after the last update, alerts are not working. This also happened last year after I got a new phone (different androud version?). It is very annoying.",2,1,7.1.0,2019-10-02 08:03:28,"Zeker irritant! Heb je de alerts al eens helemaal uitgeschakeld in de app en opnieuw aangezet?

Linda",2019-10-02 10:29:53
gp:AOqpTOFaEzsCr5aPxr2um8vYoeR2jeg0cl43KaghFGM7sejXeaiEwrYnWKwVD4njPC18f-V3oYGg9RgxchFMiw,Stan Sem,https://play-lh.googleusercontent.com/a-/AOh14GjH_m3h5iy_iOBs1WmXxeudhU5SyC0bfo1n0Fq0BQ,I am surprised how such a huge bank cannot make a proper app and still uses some junky old calculator to verify payments. Stability of this app is also poor. Many times it simply won't open and just hangs on the logo. I have never heard from other apps that everytime there is an update you need to reinstall the app.,1,9,7.2.1,2019-12-16 16:59:48,"Dat is ook zeker niet elke keer het geval. Voor nu is dat wel het advies. 

Debbie",2019-12-17 10:00:53
gp:AOqpTOEG_an85K7dZ86DAwOpfiXwyI4VoskdWtmBNNj3Z-22Jwmvfz5NRNMzhJV7Ci67vsEeyyfgJrSuYgnOnw,Tale Masinov,https://play-lh.googleusercontent.com/a-/AOh14Gjy52rR2Is495-ivcSOcwzDaLQDxBBiWNuKnVxbvg,"With the latest version, the app does not even open on my OnePlus 7 Pro. It keeps crashing. The versions in the past 6 months are getting worse and worse. First the fingerprint authentication does not work, now the entire app. :(",1,15,7.5.0,2020-07-18 15:36:59,Dat is niet hoe het hoort! Wil je telefonisch contact opnemen? Mijn collega's helpen jou graag verder! ^Saskia,2020-07-20 09:05:03
gp:AOqpTOGn3pdeT7w4K82xMxhdABzwfcXW5CB5coVCgm4p1SrgfjPFX1C-NfJxrNpNqANOCYKmZOI2F_xNAiYkaA,Manuel Montoya Aguirre,https://play-lh.googleusercontent.com/a-/AOh14GiG-1LjvA2tGxxPIZWfdsLwYnU5C8kT8L9dfJ9aHg,"The app usually works well. I like the new ""piggy banks"" feature to save for specific goals. The ""where does my money go?"" Overview is great, and most of the expenses go to the right category.",5,0,7.1.0,2019-11-07 08:10:12,"Bedankt voor dit compliment!

Marsha",2019-11-07 10:01:13
gp:AOqpTOEeRJyJZk6duNfPZpaFUCIpCxdgdfXWphDSdj7pn__zh5K5Z-hOWtF72eVm2wjoZoDNoy8TAau429Hr-g,Nawed Nabi Zada,https://play-lh.googleusercontent.com/a-/AOh14Gj3gy0ZtOpqot8aITQrxFQFu6pFYzS12yyxHhM7wQo,"while it is a nice app for your account and finance, it is very annoying that it has to be completely uninstalled and installed again with each update. it simply stops functioning after each update.",1,7,6.0.1,2019-02-23 14:12:55,"Bedankt voor je review, Nawed. Bevallen de functionaliteiten van de app je wel? 

Debbie",2019-02-23 16:41:23
gp:AOqpTOG3PUW89lFynvljWRJAQRjm9KakrSsZMrdfa2NS86XaBSbV0GV8adMjB3eKWdCljoSTMNCIlyQAzOD7yQ,Mihai Oprea,https://play-lh.googleusercontent.com/a/AATXAJzYmW84HUOBze8rERO1WPjALjZhg_ptKSYgmpwo=mo,Many times I enter the app and the amounts are missing. I also cannot do any operation. For a banking app this is frustrating. Happened before and after upgrading to Android 10,1,2,7.2.1,2019-12-31 12:25:27,"Hoi Mihai, 

Kun je mij wat meer toelichting geven over het probleem? 

Lin",2019-12-31 14:46:45
gp:AOqpTOGUAACY-UdIu8f1nYJU8luGZxfnscP0-iI3DI7_bbID9nPYL5sCxcxj3JxuYPsEBgNyiMOEWT9s18HbWg,Romanas Cernys,https://play-lh.googleusercontent.com/a/AATXAJxAJBv3w73XDr24HS-kwBcEBzrnA2at7sPxOVyi=mo,Crashing a lot last days..,5,0,7.8.1,2021-03-22 21:10:59,"Hoi Romanas,

Wat bedoel je hiermee? Wat gebeurt er en wanneer crasht de app precies?

^Tom",2021-03-23 09:31:07
gp:AOqpTOESPY89C61Bi5M5F3seJ57iaDDJp47JuA0BnZk1McOfAoBnZC9M4B_myW0r-276KXMgzSGeUT3ucpDBiA,John Smith,https://play-lh.googleusercontent.com/a/AATXAJxSpERxL_lJaj38d5Xrz_l0mSqPtiIkrKTJpghK=mo,After the last update the app crashes upon launching it. (Android 9) EDIT: After reinstalling the app as instructed by Linda the app started to work again. I had to register the device and login 2 times for it to work.,4,4,7.5.0,2020-07-23 19:30:46,"Great that the app is working again!

^Tom",2020-07-24 08:41:58
gp:AOqpTOFf7g0SPlZN1wKOBym9Z2VOxwMRgkOrfedlrSwfIE3FCK21IqC7Zr5jSEKPOGlsMu9Lce0-iRD23Q3gkw,Baag,https://play-lh.googleusercontent.com/a-/AOh14GjVJzKFlwBqNSD563SKpFe_5DauJtBnXbQER4wQrQ,App crashes everytime I try to open it. Can't even open the app anymore. Reinstallng didn't work either. (edit) I just found and installed an older version. That works,1,1,7.7.0,2020-12-16 09:03:56,"Hi, good to read that you somehow managed to get the App working again! ^Dylan",2020-12-17 09:37:56
gp:AOqpTOFC0mpCuecEqn4vTYOX7TU972F17LYys0wDTUhHJKGfNXL2cmhHTA-QO8VA36AbjU08b2qEO1sycM8XZw,√âdua Kasz√°s,https://play-lh.googleusercontent.com/a-/AOh14GhXFs4VBZX9H6lIs2t0vJcDs0c6Fv9WBYoD0NUi6Q,"I find the app very user-friendly, never had issues with it. Rich features, easy to navigate and the design is also quite appealing/easy on the eye.",5,4,6.5.2,2019-07-18 20:21:06,"Bedankt voor jouw mooie recensie! 

Monique",2019-07-19 11:59:21
gp:AOqpTOHXr5B36Qzq7gvO264zenM9nLBqI64GIU-xow_vFxzV_xG-Ziy4Oz3h1tGBS3TTWLMagLe25qLt2kTX4g,Channah Imanuel,https://play-lh.googleusercontent.com/a-/AOh14Gg3pyH05m9aVbGsbwuzY24RXvRdbMENgA2VZY8NOmU,"Lately the app often has a hard time to open or doesn't open at all and when it does, I can't see my bankingdetails... Worked way better before!",3,1,7.5.1,2020-09-15 11:50:51,"Hi Channah,

Ervaar je dit zowel op alleen 4G en via WiFi?

^Marco",2020-09-15 16:41:44
gp:AOqpTOE6aSJmnS76tBEVAeR3s5wyaVXMqVz54RtVsUDIdYv8wUunWMPv8Y8o0bLj4iPzuQcZs4vN8Zym2zSj4Q,Kornel Hoekerd,https://play-lh.googleusercontent.com/a/AATXAJyiEpax6-vRVShFU5btNVsT2_h0nnJWHf96bxX5=mo,"Almost perfect app! Has been unstable for a long time, seems fixed now. Still it annoys me I disabled all messages (serviceberichten en aanbiedingen) and still I get marketing messages in the application.",4,0,7.5.1,2020-08-31 19:02:37,"Hi Kornel, bedankt voor jouw mooie waardering! Heb jij bij zowel ''Serviceberichten en aanbiedingen'' en ''Financieel inzicht'' alles uitgezet? ^Dylan",2020-09-01 08:57:20
gp:AOqpTOFjjCdY4FFsfEb1q-i492BvwQ8DUvF8L6jQzcWysU2dsk8bOKzNlFFRusKC6R68nj9R_d2p9PANmRVM7w,Borg Scheers,https://play-lh.googleusercontent.com/a/AATXAJwu4AAoMTFEMyz10M63dhjzVUUnz5a8d-jvZoi5=mo,Used to work fine. Now refuses to scan QR codes. Simply doesn't do anything while trying to scan a code on my monitor.,2,0,7.7.0,2020-12-15 08:23:48,,
gp:AOqpTOG48XU1FzUkG7d822ryTtVByxiI1EGT7G_vmyF8fMI6yQWeCPPzCCsFk21nXY9CutCDfkRnTXDWZBMkjw,Ness Webley,https://play-lh.googleusercontent.com/a-/AOh14GimD2xxSm3p1U6dzw7U-eIsYH5gvxS967pTXHD2RA,"Worked perfectly until last update, more than perfect it was super, now, even after deleting and reloading app, all I get is rabobank symbol and waiting ten minutes....nothing more, no log in screen, nothing!",1,6,7.4.0,2020-04-14 11:04:51,"Goedemiddag, 

Dat klopt inderdaad. Dit is een bekend probleem. Mijn excuses voor het ongemak! We werken hard aan een oplossing. 
Je kunt via desktop (RBO via Google Chrome) inloggen en een profiel aanmaken met een 5-cijferige code. 

^Lin",2020-04-14 13:00:07
gp:AOqpTOHQbmyEQ1sSmpKq5xTl0dvApexACpMR2uq-3HwlLNND_482QViHshfXpwuyi9WeqhcmDa-XJQCIEg1z-A,Sorin Lazar,https://play-lh.googleusercontent.com/a/AATXAJyaDbLBbOULEdL5OlmdwtoqMYDHyPna0FzKJQC6=mo,"It doesn't work. I have registered, I could see my account but after closing the app it asks me again to go through the registration process. It doesn't remember the profile.",3,0,5.17.2,2018-09-13 11:32:51,"Hoi Sorin. Als je deze registratie voor de 2e keer uitvoert geeft hij daarna dezelfde fout? Het kan helpen om de app opnieuw te installeren en je telefoon uit- en aan te zetten.

Sanne",2018-09-13 15:24:31
gp:AOqpTOGF4gbjS9SKNJ0dWlCtBRHkKc-X755NoMM7rO_sl0_wk3jHxKXs7Y5JoxiKWf4QiWdJIHEp44rN1cW1Tw,Leo Brancovich,https://play-lh.googleusercontent.com/a/AATXAJwWwIZ5itdYmIOfPjDHe95Ce4jJTOQaZtyy_5fJ=mo,"Asked me if I wanted to proceed in English, then ignored my request and continued in Dutch. Could not fill in authentication code with keypad provided as the keystrokes were not registered. I hope it gets better...",1,0,7.6.0,2020-11-21 10:18:02,"Hi Leo, Thank you for youw review. What kind of keypad do you use? And when did you get this request to proceed in English? Sanne",2020-11-21 11:34:41
gp:AOqpTOGPIoSKkyuycdqbtRQNELStB8KiLp8knpCiT5n3SpEnwOP82r7z1UZoNt7Sch_lEEL6b_PAiP1-ugEjPA,Thomas Lipman,https://play-lh.googleusercontent.com/a-/AOh14GgV5V4vvgSErrHl7Pv7mnr8aaxGzbA5Y6F81dJ9Qg,"Great app. Just wish that there was a dark mode option. With the new android Q, maybe it's possible to use the system default to check if the app needs to enable or disable dark mode",4,5,7.2.1,2019-12-16 10:58:50,"Hoi Thomas,

Het staat zeker op onze wensenlijst ;-)

Marco",2019-12-16 15:26:30
gp:AOqpTOEeUryzwF5Su0J_iCffdAKIpPzponpK1uprk88xgNX2Xg4rWP_c8iA5SKTW9UB_RxBOr-84Y8J1sNH2ow,Rolf Ramaker,https://play-lh.googleusercontent.com/a/AATXAJxQgdbbV1DskPhOvAO4K9-A_oVBighiX0yOBAir=mo,The app itself is fine. But there is a lot of downtime and crashes. There is no good error handeling in place and customer support is badly automated.,3,2,7.0.6,2019-09-10 09:46:51,"Bedankt voor je feedback, Rolf! We nemen het mee in de ontwikkeling. 

Debbie",2019-09-10 11:03:10
gp:AOqpTOFsq5RYKg45cP1I97bVEKopjpMZN2zgfiTMCcvLmRiEQ_Xzqi-of3H7dXAx1mBHY2JwDtv8nQSqqEJaVQ,Roberto,https://play-lh.googleusercontent.com/a-/AOh14GjP7PunJd-tWNLFaTO8hfrcbg76hoyfcyufn5ila0M,The app works smoothly and has very well designed interface. I miss just thr possibility to downloas a csv of my transactions within it. That would make it even more complete.,5,5,6.0.1,2019-02-09 10:50:30,"Hi Roberto! Tof om te lezen, dankjewel. Ik geef jouw wens door :-) 

Monique",2019-02-09 11:29:28
gp:AOqpTOFlJDySMey9woROZ5UEti8i9CqPvM-dxjl50wsVuDghvtdCs4tGE6LXFFR0bYGRAtTDfwwio6C5W7pLCA,Liv Wang,https://play-lh.googleusercontent.com/a-/AOh14GgqeisUB_2ngSFxiuhkbvvNa_jjb7ulrjBl0dEe,"For one it supports English, which is very convinent. Piggy bank is new feature, it is absolutely brilliant. More and more functions are added recently. I appriciate the work.",5,2,7.1.0,2019-10-17 15:04:25,"Hi Liv, thanks for your nice review :-) Good to read that you appreciate our App! Thanks for the stars. 

Monique",2019-10-18 09:03:55
gp:AOqpTOFUIh9t-2r3gAH5HltDWC15gQ_I2vKByUHa7MlxwcafVErBPIFZerup0l3YVdGMvM9_s1ThcA82jAWi3Q,Yoren Koole,https://play-lh.googleusercontent.com/a/AATXAJzvlaZwPT-reAx7m6dTzKiUbzifcqXpzAmJXJjoaQ=mo,"It would be helpfull if like the ING app, you can turn on pushnotifications for incoming and outgoing transactions on your bankaccount. bedankt voor de reactie, ik zie dat het zelfs beter is dan ik voorstelde! Met customisatie in hoeveelheden etc.",3,1,6.4.1,2019-05-24 17:07:08,"Hoi Yoren,

Dat lezen we graag. Wat kunnen we verder nog verbeteren voor 5 sterren?

Marco",2019-05-25 15:18:30
gp:AOqpTOHoeu0JdlEJu0ulnliYT1KAWjEuLy0-Wmkwhgtq7V2i8vtbouv3O0CyS3DqOYjztAv6e23wheuewwkLyw,Nicoleta Lungu,https://play-lh.googleusercontent.com/a-/AOh14GhT2qYkkkCoqK22eKdJQ7NdqexyCsQlw6FnlRa6Gw,Very satisfied with the app! easy to useand contains a lot of useful information.Many actions can be taken through the app withiut needing to contact the bank.,5,2,6.3.2,2019-04-05 14:55:50,"Hi Nicoleta, bedankt voor de mooie recensie! 

Monique",2019-04-05 17:28:39
gp:AOqpTOGDwU95oK3-PsNCsSkbx4MWeoSII7ly6YsEK0pb84v7pl_UdiQRLWhRjZhlxSe4mChX8qPqh-7CWs2TEA,–î–µ—Ä—Å—É –£–∑–∞–ª–∞,https://play-lh.googleusercontent.com/a-/AOh14Gjqc0gu6AGel4Bj0DNkAmcbcUvSir715BNFy1xU8Q,"unstable app, crashes every time i want to do anything. i just have enough time to see how much money there is in my account before this useless app freezes up and crashes. but hey, dont worry enough banks to switch over to.",1,6,,2020-04-20 23:59:20,"Super vervelend dat je dit zo ervaart! Welke versie van onze app gebruik je momenteel?

Linda",2020-04-21 11:08:38
gp:AOqpTOEMHFuPdxTKmj04937DVCC2lQkVuSMhHmLnP9ba-m29XI2wt9fVEbwlm14ow4ytAXZoP_lUvou7ZRgYNg,rowan legters,https://play-lh.googleusercontent.com/a-/AOh14Ggb0BQFdOzdiEv8_2VrUdsmVbDk0uzI_WDGcCVTOg,"Worked fine, untill the latest update. Can't pay online like when I want to buy clothing or need to pay a payment request. Keeps crashing",3,2,7.5.1,2020-09-05 17:12:46,"Hi Rowan, kan je nog wel inloggen? Wat gebeurd er precies als je een betaling wilt doen? Is dit bij een iDEAL betaling of via overboeken in de app? ^Saskia",2020-09-07 11:23:31
gp:AOqpTOHkOqEnXEXXQ_bFoN-VljAGysns3QN9JOQube3MK0-nD--2M9NcaYdCjAurZr2LHDJZI0LwaPloUENfDg,Utz Weitzel,https://play-lh.googleusercontent.com/a-/AOh14GjcWBDuWVP-5MmBDdDfa2fzF_F-Xb-Zg_J6hHibYA,"Nice features but app does not open reliably on my Huawei P10 (for several months now), even after reinstalling it several times. Cannot rely on it when I am on the go.",1,6,6.4.1,2019-06-29 14:51:43,"Hi Utz,

Can you tell me what you mean exactly? Why isn't it reliable?

Tom",2019-06-29 15:18:14
gp:AOqpTOFB3hivyW8k3JKbIsxjnpOwHgzhyW6gcvneuJ90PykvVDujQ-kG2eASnYEZiNJEsxcXoN7lMVe43klaAA,Pieter le Roux,https://play-lh.googleusercontent.com/a/AATXAJyr5kZSolu1EDTQYt9c-NAphJLpTVP2SeRQ259A=mo,Very easy to use. Simple and intuitive design. Just enough info per page to tell you what you want to know but not overwhelm you.,5,1,7.5.1,2020-08-26 08:35:22,"Bedankt voor de sterren, Pieter! Ik ben blij om dat te lezen :-) ^Monique",2020-08-26 13:05:54
gp:AOqpTOFQ_m7-v1Z4HDcRooPXHRjEdLOhAU5wBeILdZjH23b2K-S7rENyDq8pw2tStdvbneVpFcs8SuuLM1IVWQ,Em Ka,https://play-lh.googleusercontent.com/a/AATXAJxdR-qLtL7YgBgfNIfu2t0gRhQl78jV761wLkUN=mo,"This app is so lame. Perhaps the latest bank app in Europe which doesn't support standardized european QR codes to transfer money. This app is more than 5 year behind of the other bank apps. We are living in the EU, so comply to it. Make SEPA QR codes accepted.",1,4,,2020-04-22 09:22:05,Hi! Jammer om te lezen dat je onze App zo ervaart. We zijn bezig om deze QR codes bruikbaar te maken in de App. Het is nog heel even afwachten. Waar loop je in de App nog meer tegen aan? ^Kim,2020-04-22 12:42:35
gp:AOqpTOGP9gH2AN6dH6u8o7ZKDuXyXus0CF-14c_P3D8KwFnRSHrBtVQd5B-LHs_SdZ37QmVHfGVFen0qW3OeRw,Mathieu Molenaar,https://play-lh.googleusercontent.com/a/AATXAJw2NB5hETnjn9hmZYp8uig-uuBbJ_wjJ4XWBDiV=mo,"The follow-up from ICT to solve problem with app issue, was excellent. Screen rotation is working again. Nice to see you guys are on top of things.",5,2,7.7.0,2020-11-24 12:18:52,Nice to read that my colleagues helped you. Have a nice day! Sanne,2020-11-25 15:55:08
gp:AOqpTOEM8cwYMf2R31bAgaWYxy9dJ3Z1yL2LNy6Mm7w7m6xP55EW2_pqSnJ-uIRZU9bnk-kSwJOS_nQNR5S7uA,Jerry Thedon,https://play-lh.googleusercontent.com/a/AATXAJxxvQ7Bpc4PfSdyEww1wD-6bOfRzhvanvreKZ7o=mo,The chat with a worker never works .. its always shutting down when you are about to say your problem .. i dont know if its the workers fault or the apps im giving a one star since i cant give less .,1,1,7.2.1,2020-02-13 20:20:12,"Hoi Jerry,

Erg vervelend! Het klopt dat het chatgesprek na een paar minuten door een medewerker wordt afgesloten als er geen reactie komt vanuit de klant. Wij kunnen helaas niet zien of klanten nog aan het typen zijn of niet. Dus een tip, stuur eerst een kort bericht en stel daarna je vraag :-)

Linda",2020-02-14 09:08:18
gp:AOqpTOGOMmdGZP8FgtCMKUgJ4i3WlPoYXA28M3EVM5NxM4XDP_mBHOMQHNJmC6ibXeqHsmmgl9h_xIE_QUnGkg,jeffrey jansma,https://play-lh.googleusercontent.com/a-/AOh14Gjl_7DCzFde0Dwe2GvTCkpKXI7dpA0RsNwk9EPu0w,Does not work with an AdBlocker. I fail to see that a banking app would need tracking ads in it. The app crashes completely.,1,6,7.7.1,2020-12-30 12:28:43,"Hoi Jeffrey,

Dit probleem is bekend en zal naar verwachting bij een nieuwe update in januari verholpen worden. Tot die periode kan je de VPN verbinding en AdBlocker uitschakelen om gebruik te kunnen maken van de Bankieren App. Mijn excuses voor het ongemak.

^Monique",2020-12-30 16:49:22
gp:AOqpTOGwEH5RsNEc5TqIr812diQH-AU9tOWSUKRVv7wGLmm8V1wTzto2PVdkKkWJcQrJdlvL4v40jLyANkV9vA,Norbert van ipenburg,https://play-lh.googleusercontent.com/a/AATXAJy7RAKbszELkwCZ81Ha1fsPD5vPG-T1v9Kje5Wz=mo,"Love it, very clear and useful updates. Feels very secure.",5,0,7.7.1,2021-02-25 18:46:09,Super bedankt voor de mooie recensie en de sterren! ^Monique,2021-02-26 09:51:06
gp:AOqpTOExnc9nFsntG08Di_HJhwXmlUWLdsy08ARI-vgLwTxJlzfqgqQh6Sn-jF0GbxcPKLo6_y67itIvqd3uIQ,Gaurav Bhandari,https://play-lh.googleusercontent.com/a/AATXAJxJuviSMithLmcpQo8hnp14I5phyS0f4pRPJ8ci=mo,"App is not working from last 7 days I have sent an email also but no response. I have deleted old version reinstalled , still problem is there.",1,1,5.21.3,2018-12-03 03:30:10,"Hi Gaurav. Niet zo netjes dat geen reactie op je mail hebt gehad vanuit ons. Je geeft aan dat de App niet werkt, krijg je daarbij een bepaalde foutmelding? Heb je al eens geprobeerd om je telefoon uit en aan te zetten?

Sanne",2018-12-03 09:20:37
gp:AOqpTOHYFVoHYnU0o6fBWXs6jDvWWCeSx8-vHDsiHpR3vHulYM6XBg1so-F4xPkjOO-Acm72K3tcZ4UeF8RQug,Rachel B.,https://play-lh.googleusercontent.com/a-/AOh14Gh894we_EU8P1DCRJbly28TrDon2Tv4AhXHKQKzQ6Q,Love the app. The update and functionality of the app improved because of it. I love the add-on (where does my money go? in the app.,4,0,7.1.0,2019-10-25 13:39:00,"Hi Rachel.

Fijn dat je zo tevreden bent over onze App.
En ook goed te lezen dat onze nieuwe functies goed in de smaak vallen! 

Sanne",2019-10-26 10:20:10
gp:AOqpTOGVaIrxU7GDI9jafghbB9HQDFzyvGuC6M49XegWGxlIR4YO-wmbZ4Uqmz8tyWyzsdiRbUyA4ADKs3iokw,K,https://play-lh.googleusercontent.com/a-/AOh14GhqaJzqYuimTR5hnwkejlOIXeUrYCmbLNfEhEEyXgk,"Slower than ever before. Come on, please do something about the speed, it's ridiculous. Feature wise it's good, but it's frustrating to use.",2,3,7.0.6,2019-09-25 22:56:15,"Hoi Koen,

Begrijpelijk dat je hiervan baalt. We werken zeker aan de snelheid!

Marco",2019-09-26 09:48:15
gp:AOqpTOEIBof8xQciPC3rM5dxlT09lNKXURdltAmrYVKSTTEVd-MxewjQfXY9bGrjO9ULFxrnTN522UC_WaHl1w,Ashwin anand,https://play-lh.googleusercontent.com/a-/AOh14GhBohuzYJNzIb7lvgmF-P9CRsi3cgKwu4KCeqIIIW8,"Like the interface and the ability to talk to a bank employee within the app via chat. Also, where does my money go feature is good too!",4,2,7.1.0,2019-10-31 08:40:16,"Goed te lezen!

Marsha",2019-10-31 11:14:12
gp:AOqpTOE1V89V3iu9YtIzwVdTd-wWY6T7sChvCJsjSWfTOrnIhPjMw76XYfuSgFkc-4bYLfIx9texochzlpCLYQ,Kerim Nadir,https://play-lh.googleusercontent.com/a/AATXAJz8gigBDgBTujAb62o64SMteEzzPtNI6iJghzgw=mo,Loopt vaak vast na login (regularly gets stuck after login).,2,0,7.7.1,2021-02-26 14:11:30,"Hi Kerim,

Niet handig. Wil je de app eens verwijderen, toestel uit-en aan en dan opnieuw downloaden en registeren?

^Marco",2021-02-27 17:21:16
gp:AOqpTOHeYID4jGysEXmAhSc_ZruB1yuz66z7dVv_XkBkiaVJBlivu0oE94nWClgpu5adlpB8TdYewFyt_HMzJg,Steffi R.,https://play-lh.googleusercontent.com/a-/AOh14GiqQef96aA8Y6AuspZuterQmllHenDMMBFti-8Hiw,"Super App, easy to use, minimalistic and not confusing, I love the ""where does my money go"" overview!",5,0,7.1.0,2019-10-29 08:41:51,"Hi Steffi.

Dat lezen we uiteraard graag!
Fijn ook om te lezen dat de nieuwe functie zo goed wordt ontvangen.

Sanne",2019-10-29 15:52:55
gp:AOqpTOE4AH4vKeOHnLtyT2IPlqdZYUdFX6j3IgoyHiDfxNB13NdQlCzlIRCvxWbUh3RoLA6acNgKekMvI4W7WQ,Villi Katrih,https://play-lh.googleusercontent.com/a-/AOh14GiUrwzmuaDFcPqs_LgUe9qfTU6Fu9vJhB_AL4h6Fw,Development and customer service is not their strongest part without digging into the xxxxxxx issues they have internally and externally. Time to change. 1 star.,1,0,7.5.1,2020-09-01 12:36:24,"Hi Villi, Bedankt voor je feedback. Kun je concreter zijn in wat je precies bedoelt? Ik lees het graag. Tamara",2020-09-01 13:56:42
gp:AOqpTOGdbB5iU4MlUqIs_bapmHnUSTLkdTidHNW4Zc7peuM9njD7nvx5ftXFLpZCeqUasjZ7mzDzxAAOT78DzQ,Eelco de Wit,https://play-lh.googleusercontent.com/a-/AOh14GjAGMUgy_gRv8Tl5lsOZAWUH42dnIIRJmKlhFMU_Q,Makes banking easy and with outstanding service and frequently updated with new features.,5,0,6.3.3,2019-05-01 17:12:24,"Hi,

Bedankt voor jouw recensie.
Goed om te lezen dat je zo tevreden bent.

Sanne",2019-05-02 09:02:01
gp:AOqpTOE2lJPn_AtPcZJ2IuBTUV7j0BpCBRWcgxCI2q3foGn9kcW7u-u2Mk9ViCd0MXo6gluYBzErE933myJGPw,Laser Lance,https://play-lh.googleusercontent.com/a/AATXAJyN2hZjSFOqnFY086TgDTa66xy6iun5WN6GaHItuA=mo,"Doesn't work. I request an account, select for myself, and then I get a blank screen. Perfectly useless.",1,6,7.4.0,2020-04-03 14:10:25,"Hoe bedoel je dit precies? Probeer je een nieuw profiel aan te maken en registreren? 

^Debbie",2020-04-04 15:18:31
gp:AOqpTOFL9Nwfrd7vUl5ajPV31U8uujOPDwGnlUY6Ev2qyQJ-cMeABmngfYmvSDpnmTWHI0JAWQxWtf19QcgWdA,GL Lrx,https://play-lh.googleusercontent.com/a/AATXAJyYrX0UZmNnGDoeBYtGeEz-oqo-admM3gO-dwG6=mo,"App doesnt work It says the app cannot make a connection with Rabobank. Normally it works perfectly, but today 9/10/2020 its not allowing me any access",1,3,7.5.1,2020-10-09 16:08:54,"Afgelopen vrijdag waren er wat problemen met de App. Die zijn inmiddels opgelost. Kun je ook weer inloggen nu?

^Dani√´lle",2020-10-12 09:38:08
gp:AOqpTOHqHBhI79u9oIhWJslRKuVBtkeaOD4_X8dYbgU8dUyuhwwfXKySnUgHZZ-9rOamcfIq9Ndx6CKlxVH6IQ,Florian Lemaitre,https://play-lh.googleusercontent.com/a/AATXAJxjH8YhnpwHE9TNpR6ZmwC9PZra4IwhZou8IXf4=mo,"Very nice app, user friendly, working well, and with useful information for many things!",5,2,6.4.1,2019-06-16 17:18:07,"Bedankt voor de sterren Florian! 

Monique",2019-06-17 13:53:20
gp:AOqpTOEbeleVF8AEJtvwYCgmNCjLcYXERRUfKB5WBnvNutl1gFRJnzoeFflky5p-WUvPYUy9y5iXb59JaQZ6Zw,Theo Mar,https://play-lh.googleusercontent.com/a-/AOh14GitEXMNosl7-oC9iVxBtwpcbI_HdU8heX_4TPYMBGc,"worls pretty well, but even when its set in English only some parts are in English.",3,1,6.0.0,2018-12-21 16:50:55,"Hi Thodoris.

Nog niet alle onderdelen zijn vertaald naar het Engels. We zijn volop bezig om alle onderdelen te vertalen, zodat de app ook voor Engelstalige nog beter toegankelijk gaat zijn. Bedankt voor je review.

Sanne",2018-12-22 12:16:48
gp:AOqpTOH9HQvfpnuvPrCa7oBt7YFKVe6Hd-tPGubGAlXiJBOmN6CvFPyFv0C6ShIXMbG3CDd09SjoBFVYCn937A,Sander sander,https://play-lh.googleusercontent.com/a/AATXAJxSvOrac7RrrY2-GbznqcB5IsgOH6Ll0HQlxcqs=mo,App keeps crashing. Very annoying. Especially when you need to transfer money...,1,2,7.5.1,2020-09-12 15:16:32,"Hi Sander, ik kan goed begrijpen dat je dit irritant vindt. Wil je de app eens verwijderen, toestel uit/aan en de app opnieuw willen downloaden? Voor het opnieuw registreren heb je wel een scanner nodig. ^Saskia",2020-09-14 09:36:53
gp:AOqpTOHM2MKZ1JuGm3rXTiPhjkhkSMtxRZCwYhXzg_pCCo9n6z0piHjuD2o2XnsQ2_2O5oMaZDGUKVWLeqk5xA,Vincent Pit,https://play-lh.googleusercontent.com/a/AATXAJxKnhKsvYNWORxJVY8ag9MVrwNtQQpIzUTbG5dM=mo,Old app worked fine. New one keeps hanging and crashing with a white screen.,1,13,7.0.5,2019-08-26 13:27:16,"Heb je hem al eens verwijderd en opnieuw gedownload?

Dani√´lle",2019-08-27 14:06:21
